date,USD_EUR,USD_GBP,USD_JPY
2026-09-04,0.86044,0.7391,156.25
2026-09-07,0.86044,0.73906,154.75
2026-09-08,0.86103,0.73825,154.3
2026-09-09,0.85822,0.7372,153.27
2026-09-10,0.86088,0.73963,154.18
2026-09-11,0.86266,0.7403,154.04
2026-09-14,0.86573,0.74104,154.55
2026-09-15,0.86663,0.74166,155.0
2026-09-16,0.86678,0.74317,155.05
2026-09-17,0.871,0.74758,155.69
2026-09-18,0.8726,0.74939,157.89
2026-09-21,0.87032,0.74656,157.27
2026-09-22,0.87237,0.74832,157.18
2026-09-23,0.87635,0.75322,157.92
2026-09-24,0.87974,0.75645,158.85
2026-09-25,0.87696,0.75458,157.59
2026-09-28,0.87889,0.75396,156.88
2026-09-29,0.88067,0.75489,157.12
2026-09-30,0.88067,0.75265,157.0
2026-10-01,0.88511,0.75565,157.98
2026-10-02,0.89087,0.75753,157.67
2026-10-05,0.89254,0.75616,158.23
# source: ECB via Frankfurter openresearch_get_fx_rate, fetched 2026-10-06 UTC
