date,btc_usd
2026-09-06,80046.71
2026-09-07,78929.35
2026-09-08,78548.73
2026-09-09,77927.77
2026-09-10,76817.93
2026-09-11,77128.67
2026-09-12,77218.58
2026-09-13,76682.57
2026-09-14,78539.74
2026-09-15,75645.58
2026-09-16,75622.80
2026-09-17,76353.28
2026-09-18,81124.12
2026-09-19,81226.58
2026-09-20,81197.33
2026-09-21,86421.95
2026-09-22,86120.19
2026-09-23,84550.14
2026-09-24,84249.39
2026-09-25,84069.47
2026-09-26,84260.05
2026-09-27,84171.14
2026-09-28,83514.23
2026-09-29,83583.21
2026-09-30,83648.98
2026-10-01,84688.47
2026-10-02,84543.44
2026-10-03,84765.63
2026-10-04,86417.75
2026-10-05,85916.96
2026-10-06,85908.05
# source: CoinGecko keyless via openresearch_get_crypto_price, fetched 2026-10-06 UTC
# anchor date verified via get_current_date
